name,a,b,c
acetone,7.11714,1210.595,229.664
chloroforme,6.95465,1170.966,226.232
methanol,8.08097,1582.271,239.726
benzene,6.87087,1196.760,219.161
ethylacetate,7.10179,1244.951,217.881
methylacetate,7.06524,1157.630,219.726
hexane,6.91058,1189.640,226.280
